"id","value","cond"
1,-0.97384806495904,"type1"
2,0.128111610321473,"type2"
3,0.189099695096768,"type3"
4,-1.16377620938508,"type4"
5,0.150114810064527,"type5"
